<?xml version="1.0" encoding="UTF-8"?>
<GenRun Id="impl_1" LaunchPart="xc7a50tfgg484-1" LaunchTime="1736835801">
  <File Type="ROUTE-PWR" Name="hdmi_sd_power_routed.rpt"/>
  <File Type="PA-TCL" Name="hdmi_sd.tcl"/>
  <File Type="ROUTE-PWR-SUM" Name="hdmi_sd_power_summary_routed.pb"/>
  <File Type="REPORTS-TCL" Name="hdmi_sd_reports.tcl"/>
  <File Type="BITSTR-MSK" Name="hdmi_sd.msk"/>
  <File Type="ROUTE-CLK" Name="hdmi_sd_clock_utilization_routed.rpt"/>
  <File Type="RDI-RDI" Name="hdmi_sd.vdi"/>
  <File Type="POSTROUTE-PHYSOPT-BUS-SKEW-PB" Name="hdmi_sd_bus_skew_postroute_physopted.pb"/>
  <File Type="BG-BIT" Name="hdmi_sd.bit"/>
  <File Type="BG-DRC" Name="hdmi_sd.drc"/>
  <File Type="BG-BGN" Name="hdmi_sd.bgn"/>
  <File Type="BG-BIN" Name="hdmi_sd.bin"/>
  <File Type="BITSTR-RBT" Name="hdmi_sd.rbt"/>
  <File Type="BITSTR-NKY" Name="hdmi_sd.nky"/>
  <File Type="BITSTR-BMM" Name="hdmi_sd_bd.bmm"/>
  <File Type="BITSTR-MMI" Name="hdmi_sd.mmi"/>
  <File Type="ROUTE-METHODOLOGY-DRC" Name="hdmi_sd_methodology_drc_routed.rpt"/>
  <File Type="BITSTR-SYSDEF" Name="hdmi_sd.sysdef"/>
  <File Type="BITSTR-LTX" Name="debug_nets.ltx"/>
  <File Type="BITSTR-LTX" Name="hdmi_sd.ltx"/>
  <File Type="WBT-USG" Name="usage_statistics_webtalk.html"/>
  <File Type="OPT-DRC" Name="hdmi_sd_drc_opted.rpt"/>
  <File Type="OPT-HWDEF" Name="hdmi_sd.hwdef"/>
  <File Type="PLACE-IO" Name="hdmi_sd_io_placed.rpt"/>
  <File Type="PLACE-UTIL" Name="hdmi_sd_utilization_placed.rpt"/>
  <File Type="PLACE-UTIL-PB" Name="hdmi_sd_utilization_placed.pb"/>
  <File Type="PLACE-CTRL" Name="hdmi_sd_control_sets_placed.rpt"/>
  <File Type="PLACE-PRE-SIMILARITY" Name="hdmi_sd_incremental_reuse_pre_placed.rpt"/>
  <File Type="ROUTE-DRC" Name="hdmi_sd_drc_routed.rpt"/>
  <File Type="ROUTE-DRC-PB" Name="hdmi_sd_drc_routed.pb"/>
  <File Type="ROUTE-PWR-RPX" Name="hdmi_sd_power_routed.rpx"/>
  <File Type="ROUTE-STATUS" Name="hdmi_sd_route_status.rpt"/>
  <File Type="ROUTE-STATUS-PB" Name="hdmi_sd_route_status.pb"/>
  <File Type="ROUTE-DCP" Name="hdmi_sd_routed.dcp"/>
  <File Type="ROUTE-ERROR-DCP" Name="hdmi_sd_routed_error.dcp"/>
  <File Type="ROUTE-BLACKBOX-DCP" Name="hdmi_sd_routed_bb.dcp"/>
  <File Type="ROUTE-TIMINGSUMMARY" Name="hdmi_sd_timing_summary_routed.rpt"/>
  <File Type="ROUTE-TIMING-PB" Name="hdmi_sd_timing_summary_routed.pb"/>
  <File Type="ROUTE-TIMING-RPX" Name="hdmi_sd_timing_summary_routed.rpx"/>
  <File Type="ROUTE-SIMILARITY" Name="hdmi_sd_incremental_reuse_routed.rpt"/>
  <File Type="ROUTE-BUS-SKEW" Name="hdmi_sd_bus_skew_routed.rpt"/>
  <File Type="ROUTE-BUS-SKEW-PB" Name="hdmi_sd_bus_skew_routed.pb"/>
  <File Type="ROUTE-BUS-SKEW-RPX" Name="hdmi_sd_bus_skew_routed.rpx"/>
  <File Type="OPT-DCP" Name="hdmi_sd_opt.dcp"/>
  <File Type="PLACE-DCP" Name="hdmi_sd_placed.dcp"/>
  <File Type="PWROPT-DCP" Name="hdmi_sd_pwropt.dcp"/>
  <File Type="POSTPLACE-PWROPT-DCP" Name="hdmi_sd_postplace_pwropt.dcp"/>
  <File Type="PHYSOPT-DCP" Name="hdmi_sd_physopt.dcp"/>
  <File Type="POSTROUTE-PHYSOPT-DCP" Name="hdmi_sd_postroute_physopt.dcp"/>
  <File Type="POSTROUTE-PHYSOPT-BLACKBOX-DCP" Name="hdmi_sd_postroute_physopt_bb.dcp"/>
  <File Type="POSTROUTE-PHYSOPT-TIMING" Name="hdmi_sd_timing_summary_postroute_physopted.rpt"/>
  <File Type="POSTROUTE-PHYSOPT-TIMING-PB" Name="hdmi_sd_timing_summary_postroute_physopted.pb"/>
  <File Type="POSTROUTE-PHYSOPT-TIMING-RPX" Name="hdmi_sd_timing_summary_postroute_physopted.rpx"/>
  <File Type="POSTROUTE-PHYSOPT-BUS-SKEW" Name="hdmi_sd_bus_skew_postroute_physopted.rpt"/>
  <File Type="POSTROUTE-PHYSOPT-BUS-SKEW-RPX" Name="hdmi_sd_bus_skew_postroute_physopted.rpx"/>
  <File Type="ROUTE-METHODOLOGY-DRC-PB" Name="hdmi_sd_methodology_drc_routed.pb"/>
  <File Type="ROUTE-DRC-RPX" Name="hdmi_sd_drc_routed.rpx"/>
  <File Type="ROUTE-METHODOLOGY-DRC-RPX" Name="hdmi_sd_methodology_drc_routed.rpx"/>
  <File Type="PDI-FILE" Name="hdmi_sd.pdi"/>
  <File Type="BOOT-PDI-FILE" Name="hdmi_sd_boot.pdi"/>
  <File Type="PL-PDI-FILE" Name="hdmi_sd_pld.pdi"/>
  <File Type="RCFI_FILE" Name="hdmi_sd.rcfi"/>
  <File Type="CFI_FILE" Name="hdmi_sd.cfi"/>
  <File Type="RNPI_FILE" Name="hdmi_sd.rnpi"/>
  <File Type="NPI_FILE" Name="hdmi_sd.npi"/>
  <File Type="RBD_FILE" Name="hdmi_sd.rbd"/>
  <File Type="ROUTE-RQS" Name="hdmi_sd_routed.rqs"/>
  <File Type="POSTROUTE-PHYSOPT-RQS" Name="hdmi_sd_postroute_physopted.rqs"/>
  <File Type="ROUTE-RQS-RPT" Name="route_report_qor_suggestions_0.rpt"/>
  <File Type="POSTROUTE-PHYSOPT-RQS-RPT" Name="postroute_physopt_report_qor_suggestions_0.rpt"/>
  <FileSet Name="sources" Type="DesignSrcs" RelSrcDir="$PSRCDIR/sources_1" RelGenDir="$PGENDIR/sources_1">
    <Filter Type="Srcs"/>
    <File Path="$PSRCDIR/sources_1/new/clk_selector.v">
      <FileInfo>
        <Attr Name="UsedIn" Val="synthesis"/>
        <Attr Name="UsedIn" Val="implementation"/>
        <Attr Name="UsedIn" Val="simulation"/>
      </FileInfo>
    </File>
    <File Path="$PSRCDIR/sources_1/imports/New folder/delay1Bit.v">
      <FileInfo>
        <Attr Name="ImportPath" Val="D:/Pictures/New folder/delay1Bit.v"/>
        <Attr Name="ImportTime" Val="1733395861"/>
        <Attr Name="UsedIn" Val="synthesis"/>
        <Attr Name="UsedIn" Val="implementation"/>
        <Attr Name="UsedIn" Val="simulation"/>
      </FileInfo>
    </File>
    <File Path="$PSRCDIR/sources_1/imports/New folder/pixel_pipe.v">
      <FileInfo>
        <Attr Name="ImportPath" Val="D:/Pictures/New folder/pixel_pipe.v"/>
        <Attr Name="ImportTime" Val="1734132633"/>
        <Attr Name="UsedIn" Val="synthesis"/>
        <Attr Name="UsedIn" Val="implementation"/>
        <Attr Name="UsedIn" Val="simulation"/>
      </FileInfo>
    </File>
    <File Path="$PSRCDIR/sources_1/imports/RTL/sd_spi_file_reader.v">
      <FileInfo>
        <Attr Name="ImportPath" Val="D:/Documents/Strucure Light Project/Numato with SD/FPGA-SDcard-Reader-SPI-master/FPGA-SDcard-Reader-SPI-master/RTL/sd_spi_file_reader.v"/>
        <Attr Name="ImportTime" Val="1735861045"/>
        <Attr Name="UsedIn" Val="synthesis"/>
        <Attr Name="UsedIn" Val="implementation"/>
        <Attr Name="UsedIn" Val="simulation"/>
      </FileInfo>
    </File>
    <File Path="$PSRCDIR/sources_1/imports/RTL/sd_spi_sector_reader.v">
      <FileInfo>
        <Attr Name="ImportPath" Val="D:/Documents/Strucure Light Project/Numato with SD/FPGA-SDcard-Reader-SPI-master/FPGA-SDcard-Reader-SPI-master/RTL/sd_spi_sector_reader.v"/>
        <Attr Name="ImportTime" Val="1735861045"/>
        <Attr Name="UsedIn" Val="synthesis"/>
        <Attr Name="UsedIn" Val="implementation"/>
        <Attr Name="UsedIn" Val="simulation"/>
      </FileInfo>
    </File>
    <File Path="$PSRCDIR/sources_1/imports/RTL/spi_session.v">
      <FileInfo>
        <Attr Name="ImportPath" Val="D:/Documents/Strucure Light Project/Numato with SD/FPGA-SDcard-Reader-SPI-master/FPGA-SDcard-Reader-SPI-master/RTL/spi_session.v"/>
        <Attr Name="ImportTime" Val="1735861045"/>
        <Attr Name="UsedIn" Val="synthesis"/>
        <Attr Name="UsedIn" Val="implementation"/>
        <Attr Name="UsedIn" Val="simulation"/>
      </FileInfo>
    </File>
    <File Path="$PSRCDIR/sources_1/imports/New folder/alignment_detect.vhd">
      <FileInfo>
        <Attr Name="ImportPath" Val="D:/Pictures/New folder/alignment_detect.vhd"/>
        <Attr Name="ImportTime" Val="1734058524"/>
        <Attr Name="UsedIn" Val="synthesis"/>
        <Attr Name="UsedIn" Val="simulation"/>
      </FileInfo>
    </File>
    <File Path="$PSRCDIR/sources_1/imports/New folder/deserialiser_1_to_10.vhd">
      <FileInfo>
        <Attr Name="ImportPath" Val="D:/Pictures/New folder/deserialiser_1_to_10.vhd"/>
        <Attr Name="ImportTime" Val="1734058549"/>
        <Attr Name="UsedIn" Val="synthesis"/>
        <Attr Name="UsedIn" Val="simulation"/>
      </FileInfo>
    </File>
    <File Path="$PSRCDIR/sources_1/imports/New folder/dvid_output.vhd">
      <FileInfo>
        <Attr Name="ImportPath" Val="D:/Pictures/New folder/dvid_output.vhd"/>
        <Attr Name="ImportTime" Val="1734058661"/>
        <Attr Name="UsedIn" Val="synthesis"/>
        <Attr Name="UsedIn" Val="simulation"/>
      </FileInfo>
    </File>
    <File Path="$PSRCDIR/sources_1/imports/New folder/edid_rom.vhd">
      <FileInfo>
        <Attr Name="ImportPath" Val="D:/Pictures/New folder/edid_rom.vhd"/>
        <Attr Name="ImportTime" Val="1734058243"/>
        <Attr Name="UsedIn" Val="synthesis"/>
        <Attr Name="UsedIn" Val="simulation"/>
      </FileInfo>
    </File>
    <File Path="$PSRCDIR/sources_1/imports/New folder/hdmi_input.vhd">
      <FileInfo>
        <Attr Name="ImportPath" Val="D:/Pictures/New folder/hdmi_input.vhd"/>
        <Attr Name="ImportTime" Val="1734081681"/>
        <Attr Name="UsedIn" Val="synthesis"/>
        <Attr Name="UsedIn" Val="simulation"/>
      </FileInfo>
    </File>
    <File Path="$PSRCDIR/sources_1/imports/New folder/hdmi_io.vhd">
      <FileInfo>
        <Attr Name="ImportPath" Val="D:/Pictures/New folder/hdmi_io.vhd"/>
        <Attr Name="ImportTime" Val="1734058245"/>
        <Attr Name="UsedIn" Val="synthesis"/>
        <Attr Name="UsedIn" Val="simulation"/>
      </FileInfo>
    </File>
    <File Path="$PSRCDIR/sources_1/imports/New folder/input_channel.vhd">
      <FileInfo>
        <Attr Name="ImportPath" Val="D:/Pictures/New folder/input_channel.vhd"/>
        <Attr Name="ImportTime" Val="1733394568"/>
        <Attr Name="UsedIn" Val="synthesis"/>
        <Attr Name="UsedIn" Val="simulation"/>
      </FileInfo>
    </File>
    <File Path="$PSRCDIR/sources_1/imports/New folder/serialiser_10_to_1.vhd">
      <FileInfo>
        <Attr Name="ImportPath" Val="D:/Pictures/New folder/serialiser_10_to_1.vhd"/>
        <Attr Name="ImportTime" Val="1734059031"/>
        <Attr Name="UsedIn" Val="synthesis"/>
        <Attr Name="UsedIn" Val="simulation"/>
      </FileInfo>
    </File>
    <File Path="$PSRCDIR/sources_1/imports/New folder/tmds_decoder.vhd">
      <FileInfo>
        <Attr Name="ImportPath" Val="D:/Pictures/New folder/tmds_decoder.vhd"/>
        <Attr Name="ImportTime" Val="1734058619"/>
        <Attr Name="UsedIn" Val="synthesis"/>
        <Attr Name="UsedIn" Val="simulation"/>
      </FileInfo>
    </File>
    <File Path="$PSRCDIR/sources_1/imports/New folder/tmds_encoder.vhd">
      <FileInfo>
        <Attr Name="ImportPath" Val="D:/Pictures/New folder/tmds_encoder.vhd"/>
        <Attr Name="ImportTime" Val="1734058928"/>
        <Attr Name="UsedIn" Val="synthesis"/>
        <Attr Name="UsedIn" Val="simulation"/>
      </FileInfo>
    </File>
    <File Path="$PSRCDIR/sources_1/imports/New folder/hdmi_sd.vhd">
      <FileInfo>
        <Attr Name="UsedIn" Val="synthesis"/>
        <Attr Name="UsedIn" Val="simulation"/>
      </FileInfo>
    </File>
    <File Path="$PSRCDIR/sources_1/imports/Downloads/SLI_LUT.m">
      <FileInfo>
        <Attr Name="ImportPath" Val="D:/Downloads/SLI_LUT.m"/>
        <Attr Name="ImportTime" Val="1736144690"/>
      </FileInfo>
    </File>
    <File Path="$PSRCDIR/sources_1/imports/Downloads/indexMap.coe">
      <FileInfo>
        <Attr Name="ImportPath" Val="D:/Downloads/indexMap.coe"/>
        <Attr Name="ImportTime" Val="1736304038"/>
        <Attr Name="UsedIn" Val="synthesis"/>
        <Attr Name="UsedIn" Val="simulation"/>
      </FileInfo>
    </File>
    <File Path="$PSRCDIR/sources_1/imports/Downloads/indexMapping.m">
      <FileInfo>
        <Attr Name="ImportPath" Val="D:/Downloads/indexMapping.m"/>
        <Attr Name="ImportTime" Val="1736304041"/>
      </FileInfo>
    </File>
    <Config>
      <Option Name="DesignMode" Val="RTL"/>
      <Option Name="TopModule" Val="hdmi_sd"/>
      <Option Name="TopAutoSet" Val="TRUE"/>
    </Config>
  </FileSet>
  <FileSet Name="constrs_in" Type="Constrs" RelSrcDir="$PSRCDIR/constrs_1" RelGenDir="$PGENDIR/constrs_1">
    <Filter Type="Constrs"/>
    <File Path="$PSRCDIR/constrs_1/imports/New folder/Rev3.xdc">
      <FileInfo>
        <Attr Name="ImportPath" Val="D:/Pictures/New folder/Rev3.xdc"/>
        <Attr Name="ImportTime" Val="1735845788"/>
        <Attr Name="UsedIn" Val="synthesis"/>
        <Attr Name="UsedIn" Val="implementation"/>
      </FileInfo>
    </File>
    <Config>
      <Option Name="ConstrsType" Val="XDC"/>
    </Config>
  </FileSet>
  <FileSet Name="utils" Type="Utils" RelSrcDir="$PSRCDIR/utils_1" RelGenDir="$PGENDIR/utils_1">
    <Filter Type="Utils"/>
    <File Path="$PSRCDIR/utils_1/imports/synth_1/hdmi_sd.dcp">
      <FileInfo>
        <Attr Name="UsedIn" Val="synthesis"/>
        <Attr Name="UsedIn" Val="implementation"/>
        <Attr Name="UsedInSteps" Val="synth_1"/>
        <Attr Name="AutoDcp" Val="1"/>
      </FileInfo>
    </File>
    <Config>
      <Option Name="TopAutoSet" Val="TRUE"/>
    </Config>
  </FileSet>
  <Strategy Version="1" Minor="2">
    <StratHandle Name="Vivado Implementation Defaults" Flow="Vivado Implementation 2024"/>
    <Step Id="init_design"/>
    <Step Id="opt_design"/>
    <Step Id="power_opt_design"/>
    <Step Id="place_design"/>
    <Step Id="post_place_power_opt_design"/>
    <Step Id="phys_opt_design"/>
    <Step Id="route_design"/>
    <Step Id="post_route_phys_opt_design"/>
    <Step Id="write_bitstream">
      <Option Id="BinFile">1</Option>
    </Step>
    <Step Id="write_device_image"/>
  </Strategy>
  <BlockFileSet Type="BlockSrcs" Name="ref_clk"/>
  <BlockFileSet Type="BlockSrcs" Name="indexMap"/>
</GenRun>
