<?xml version="1.0" encoding="UTF-8"?>
<GenRun Id="synth_1" LaunchPart="xc7a50tfgg484-1" LaunchTime="1736662454" LaunchIncrCheckpoint="$PSRCDIR/utils_1/imports/synth_1/hdmi_sd.dcp">
  <File Type="PA-TCL" Name="hdmi_sd.tcl"/>
  <File Type="REPORTS-TCL" Name="hdmi_sd_reports.tcl"/>
  <File Type="RDS-RDS" Name="hdmi_sd.vds"/>
  <File Type="RDS-UTIL" Name="hdmi_sd_utilization_synth.rpt"/>
  <File Type="RDS-UTIL-PB" Name="hdmi_sd_utilization_synth.pb"/>
  <File Type="RDS-DCP" Name="hdmi_sd.dcp"/>
  <FileSet Name="sources" Type="DesignSrcs" RelSrcDir="$PSRCDIR/sources_1" RelGenDir="$PGENDIR/sources_1">
    <Filter Type="Srcs"/>
    <File Path="$PSRCDIR/sources_1/new/clk_selector.v">
      <FileInfo>
        <Attr Name="UsedIn" Val="synthesis"/>
        <Attr Name="UsedIn" Val="implementation"/>
        <Attr Name="UsedIn" Val="simulation"/>
      </FileInfo>
    </File>
    <File Path="$PSRCDIR/sources_1/imports/New folder/delay1Bit.v">
      <FileInfo>
        <Attr Name="ImportPath" Val="D:/Pictures/New folder/delay1Bit.v"/>
        <Attr Name="ImportTime" Val="1733395861"/>
        <Attr Name="UsedIn" Val="synthesis"/>
        <Attr Name="UsedIn" Val="implementation"/>
        <Attr Name="UsedIn" Val="simulation"/>
      </FileInfo>
    </File>
    <File Path="$PSRCDIR/sources_1/imports/New folder/pixel_pipe.v">
      <FileInfo>
        <Attr Name="ImportPath" Val="D:/Pictures/New folder/pixel_pipe.v"/>
        <Attr Name="ImportTime" Val="1734132633"/>
        <Attr Name="UsedIn" Val="synthesis"/>
        <Attr Name="UsedIn" Val="implementation"/>
        <Attr Name="UsedIn" Val="simulation"/>
      </FileInfo>
    </File>
    <File Path="$PSRCDIR/sources_1/imports/RTL/sd_spi_file_reader.v">
      <FileInfo>
        <Attr Name="ImportPath" Val="D:/Documents/Strucure Light Project/Numato with SD/FPGA-SDcard-Reader-SPI-master/FPGA-SDcard-Reader-SPI-master/RTL/sd_spi_file_reader.v"/>
        <Attr Name="ImportTime" Val="1735861045"/>
        <Attr Name="UsedIn" Val="synthesis"/>
        <Attr Name="UsedIn" Val="implementation"/>
        <Attr Name="UsedIn" Val="simulation"/>
      </FileInfo>
    </File>
    <File Path="$PSRCDIR/sources_1/imports/RTL/sd_spi_sector_reader.v">
      <FileInfo>
        <Attr Name="ImportPath" Val="D:/Documents/Strucure Light Project/Numato with SD/FPGA-SDcard-Reader-SPI-master/FPGA-SDcard-Reader-SPI-master/RTL/sd_spi_sector_reader.v"/>
        <Attr Name="ImportTime" Val="1735861045"/>
        <Attr Name="UsedIn" Val="synthesis"/>
        <Attr Name="UsedIn" Val="implementation"/>
        <Attr Name="UsedIn" Val="simulation"/>
      </FileInfo>
    </File>
    <File Path="$PSRCDIR/sources_1/imports/RTL/spi_session.v">
      <FileInfo>
        <Attr Name="ImportPath" Val="D:/Documents/Strucure Light Project/Numato with SD/FPGA-SDcard-Reader-SPI-master/FPGA-SDcard-Reader-SPI-master/RTL/spi_session.v"/>
        <Attr Name="ImportTime" Val="1735861045"/>
        <Attr Name="UsedIn" Val="synthesis"/>
        <Attr Name="UsedIn" Val="implementation"/>
        <Attr Name="UsedIn" Val="simulation"/>
      </FileInfo>
    </File>
    <File Path="$PSRCDIR/sources_1/imports/New folder/alignment_detect.vhd">
      <FileInfo>
        <Attr Name="ImportPath" Val="D:/Pictures/New folder/alignment_detect.vhd"/>
        <Attr Name="ImportTime" Val="1734058524"/>
        <Attr Name="UsedIn" Val="synthesis"/>
        <Attr Name="UsedIn" Val="simulation"/>
      </FileInfo>
    </File>
    <File Path="$PSRCDIR/sources_1/imports/New folder/deserialiser_1_to_10.vhd">
      <FileInfo>
        <Attr Name="ImportPath" Val="D:/Pictures/New folder/deserialiser_1_to_10.vhd"/>
        <Attr Name="ImportTime" Val="1734058549"/>
        <Attr Name="UsedIn" Val="synthesis"/>
        <Attr Name="UsedIn" Val="simulation"/>
      </FileInfo>
    </File>
    <File Path="$PSRCDIR/sources_1/imports/New folder/dvid_output.vhd">
      <FileInfo>
        <Attr Name="ImportPath" Val="D:/Pictures/New folder/dvid_output.vhd"/>
        <Attr Name="ImportTime" Val="1734058661"/>
        <Attr Name="UsedIn" Val="synthesis"/>
        <Attr Name="UsedIn" Val="simulation"/>
      </FileInfo>
    </File>
    <File Path="$PSRCDIR/sources_1/imports/New folder/edid_rom.vhd">
      <FileInfo>
        <Attr Name="ImportPath" Val="D:/Pictures/New folder/edid_rom.vhd"/>
        <Attr Name="ImportTime" Val="1734058243"/>
        <Attr Name="UsedIn" Val="synthesis"/>
        <Attr Name="UsedIn" Val="simulation"/>
      </FileInfo>
    </File>
    <File Path="$PSRCDIR/sources_1/imports/New folder/hdmi_input.vhd">
      <FileInfo>
        <Attr Name="ImportPath" Val="D:/Pictures/New folder/hdmi_input.vhd"/>
        <Attr Name="ImportTime" Val="1734081681"/>
        <Attr Name="UsedIn" Val="synthesis"/>
        <Attr Name="UsedIn" Val="simulation"/>
      </FileInfo>
    </File>
    <File Path="$PSRCDIR/sources_1/imports/New folder/hdmi_io.vhd">
      <FileInfo>
        <Attr Name="ImportPath" Val="D:/Pictures/New folder/hdmi_io.vhd"/>
        <Attr Name="ImportTime" Val="1734058245"/>
        <Attr Name="UsedIn" Val="synthesis"/>
        <Attr Name="UsedIn" Val="simulation"/>
      </FileInfo>
    </File>
    <File Path="$PSRCDIR/sources_1/imports/New folder/input_channel.vhd">
      <FileInfo>
        <Attr Name="ImportPath" Val="D:/Pictures/New folder/input_channel.vhd"/>
        <Attr Name="ImportTime" Val="1733394568"/>
        <Attr Name="UsedIn" Val="synthesis"/>
        <Attr Name="UsedIn" Val="simulation"/>
      </FileInfo>
    </File>
    <File Path="$PSRCDIR/sources_1/imports/New folder/serialiser_10_to_1.vhd">
      <FileInfo>
        <Attr Name="ImportPath" Val="D:/Pictures/New folder/serialiser_10_to_1.vhd"/>
        <Attr Name="ImportTime" Val="1734059031"/>
        <Attr Name="UsedIn" Val="synthesis"/>
        <Attr Name="UsedIn" Val="simulation"/>
      </FileInfo>
    </File>
    <File Path="$PSRCDIR/sources_1/imports/New folder/tmds_decoder.vhd">
      <FileInfo>
        <Attr Name="ImportPath" Val="D:/Pictures/New folder/tmds_decoder.vhd"/>
        <Attr Name="ImportTime" Val="1734058619"/>
        <Attr Name="UsedIn" Val="synthesis"/>
        <Attr Name="UsedIn" Val="simulation"/>
      </FileInfo>
    </File>
    <File Path="$PSRCDIR/sources_1/imports/New folder/tmds_encoder.vhd">
      <FileInfo>
        <Attr Name="ImportPath" Val="D:/Pictures/New folder/tmds_encoder.vhd"/>
        <Attr Name="ImportTime" Val="1734058928"/>
        <Attr Name="UsedIn" Val="synthesis"/>
        <Attr Name="UsedIn" Val="simulation"/>
      </FileInfo>
    </File>
    <File Path="$PSRCDIR/sources_1/imports/New folder/hdmi_sd.vhd">
      <FileInfo>
        <Attr Name="UsedIn" Val="synthesis"/>
        <Attr Name="UsedIn" Val="simulation"/>
      </FileInfo>
    </File>
    <File Path="$PSRCDIR/sources_1/imports/Downloads/SLI_LUT.m">
      <FileInfo>
        <Attr Name="ImportPath" Val="D:/Downloads/SLI_LUT.m"/>
        <Attr Name="ImportTime" Val="1736144690"/>
      </FileInfo>
    </File>
    <File Path="$PSRCDIR/sources_1/imports/Downloads/indexMap.coe">
      <FileInfo>
        <Attr Name="ImportPath" Val="D:/Downloads/indexMap.coe"/>
        <Attr Name="ImportTime" Val="1736304038"/>
        <Attr Name="UsedIn" Val="synthesis"/>
        <Attr Name="UsedIn" Val="simulation"/>
      </FileInfo>
    </File>
    <File Path="$PSRCDIR/sources_1/imports/Downloads/indexMapping.m">
      <FileInfo>
        <Attr Name="ImportPath" Val="D:/Downloads/indexMapping.m"/>
        <Attr Name="ImportTime" Val="1736304041"/>
      </FileInfo>
    </File>
    <Config>
      <Option Name="DesignMode" Val="RTL"/>
      <Option Name="TopModule" Val="hdmi_sd"/>
      <Option Name="TopAutoSet" Val="TRUE"/>
    </Config>
  </FileSet>
  <FileSet Name="constrs_in" Type="Constrs" RelSrcDir="$PSRCDIR/constrs_1" RelGenDir="$PGENDIR/constrs_1">
    <Filter Type="Constrs"/>
    <File Path="$PSRCDIR/constrs_1/imports/New folder/Rev3.xdc">
      <FileInfo>
        <Attr Name="ImportPath" Val="D:/Pictures/New folder/Rev3.xdc"/>
        <Attr Name="ImportTime" Val="1735845788"/>
        <Attr Name="UsedIn" Val="synthesis"/>
        <Attr Name="UsedIn" Val="implementation"/>
      </FileInfo>
    </File>
    <Config>
      <Option Name="ConstrsType" Val="XDC"/>
    </Config>
  </FileSet>
  <FileSet Name="utils" Type="Utils" RelSrcDir="$PSRCDIR/utils_1" RelGenDir="$PGENDIR/utils_1">
    <Filter Type="Utils"/>
    <File Path="$PSRCDIR/utils_1/imports/synth_1/hdmi_sd.dcp">
      <FileInfo>
        <Attr Name="UsedIn" Val="synthesis"/>
        <Attr Name="UsedIn" Val="implementation"/>
        <Attr Name="UsedInSteps" Val="synth_1"/>
        <Attr Name="AutoDcp" Val="1"/>
      </FileInfo>
    </File>
    <Config>
      <Option Name="TopAutoSet" Val="TRUE"/>
    </Config>
  </FileSet>
  <Strategy Version="1" Minor="2">
    <StratHandle Name="Vivado Synthesis Defaults" Flow="Vivado Synthesis 2024"/>
    <Step Id="synth_design"/>
  </Strategy>
  <BlockFileSet Type="BlockSrcs" Name="ref_clk"/>
  <BlockFileSet Type="BlockSrcs" Name="indexMap"/>
</GenRun>
